train,valid
0.6594530599817052,0.7252744655905888
0.6285617085287378,0.7199872961572338
0.6242476046167216,0.7141816676169191
0.6199546984265499,0.7102967705814891
0.6177206618957293,0.7088393605889598
0.6144617533061653,0.7029691474401489
0.6126596101369487,0.7045381141751372
0.6114902725570782,0.7023774173423142
0.6086276495616905,0.6994216790553301
0.6070659332078229,0.6970786276271452
0.606212175027492,0.6933208057645021
0.6032506634329776,0.6948448608880526
0.601356044461359,0.688125877722212
0.6004966962494195,0.6929766904966087
0.5991477304658447,0.68652815494544
0.5983900796415199,0.6829847409894132
0.597010110967389,0.6891820726129216
0.5964913490661949,0.6835274818252511
0.5949314356768204,0.6836598448775661
0.5940970510934319,0.679768272317677
0.5936276733682323,0.6867558609441144
0.5931837940352885,0.6823698969087276
0.5915982017031552,0.6824518638918069
0.5907708279129241,0.6866546104090672
0.5899791463592695,0.6786569006654044
0.5890014808342132,0.6751911861114125
0.5880303550215592,0.6780161511275578
0.5865258853067621,0.6711803661944096
0.5881962375253094,0.6732604198885445
0.5857278835499827,0.6724218300715753
0.5867552799595696,0.6718420734957272
0.5856037418883713,0.6715010889210677
0.5854355660734023,0.6704233828556354
0.5850673300075793,0.6710912535251801
0.5843153011864345,0.669840905791635
0.5850346752632265,0.6670617668606704
0.5854027722164629,0.6667782263889624
0.583415615417126,0.6681290506236967
0.5834032873008587,0.6657043079432345
0.5834674940188539,0.6651587729063478
0.5839688066281312,0.6686107384321732
0.583098142880165,0.6667907307292246
0.5831177719134735,0.6657595284730038
0.5829311142031857,0.6664076552720396
0.5826287189809533,0.6640761786826636
0.5813152378175407,0.6667326814999246
0.5832806780878786,0.6653312452477571
0.5818249176992536,0.6660950339444757
0.5832508021396634,0.6667708580534423
0.5818424367550333,0.6649887459115333
0.5810466223437107,0.6641472854776083
0.5813755288161739,0.6644831269034313
0.5820253216678871,0.6645749929062469
0.5823140964072804,0.6644407930623764
0.5814118705820004,0.6643022880128203
