train,valid
0.9792138609508217,1.0641632528932106
0.8765548782791136,0.9538649246966636
0.7847742164207483,0.8681128884916789
0.7192913248582473,0.8104105166687517
0.6784682830940725,0.7760144060797942
0.6547543046747863,0.755456354601542
0.6416290355957744,0.7432143919767057
0.6342995152394866,0.7342690810138032
0.6314898251300235,0.7333925569176896
0.6290556762892989,0.7351405322452861
0.6280309002183572,0.7329297108979077
0.6260005362318711,0.7242838988246717
0.6249734710449562,0.7260230884031094
0.6241870720713472,0.7218106801813416
0.6221907794305992,0.7251699512741369
0.621072222938228,0.723659932500665
0.6195341620710473,0.7219352180616744
0.6180435310474021,0.7198781389703544
0.6166874572111387,0.7131875425343839
0.6145892752714898,0.7118074054910847
0.6124581227132754,0.7109498094486552
0.6103884055377315,0.7114741153671009
0.6087896384507833,0.7057175803573648
0.6066672245070868,0.7078179573114257
0.605472699485972,0.7012859480930077
0.6035281972883261,0.6989039971499117
0.6013424081973803,0.6968898428050354
0.600129112016577,0.6958858879370073
0.5983002085983461,0.6943689534606733
0.5978005204144379,0.6861861107273782
0.5960549036030305,0.6943546831825325
0.593962910586019,0.6886208009216025
0.5925397088253103,0.6901845965305078
0.5920252785516389,0.6842449418330395
0.5904677974457411,0.6859840880248956
0.5893080045609982,0.6818214705403728
0.5884026788439685,0.6816589607206626
0.589160361932216,0.6739641199434164
0.5857178285785205,0.6786405553709075
0.5856713123951376,0.6710360256259007
0.5863151449431666,0.678071652159427
0.5855859465632505,0.6768901240527472
0.5850227659406301,0.6790362079677246
0.5836946414467492,0.675850579176976
0.5823109954426002,0.6710849695299177
0.5825706830568728,0.6699548076221328
0.5810028679065198,0.6690021221429078
0.5817151527814545,0.6657825322473726
0.5803817180218312,0.6651137450654574
0.581120014135127,0.6672064796853375
0.5802917726921151,0.6611106025229055
0.5801383946803543,0.6648919372374464
0.5801125869450205,0.66219424997751
0.5796507009605999,0.6629645417774622
0.5780497076483552,0.6668806562631246
0.578679767047538,0.6635738354642933
0.5780636433680806,0.662834745827833
0.5763584425373594,0.6672401220602974
0.5762490709494066,0.6618944272743004
0.5771091165339359,0.6612404064530399
0.5776698810313527,0.662542510490999
