train,valid
1.059908415576994,0.8397359867846128
1.0241384204166224,0.8072937703364277
0.9829213192312933,0.7690745885017564
0.943631478327755,0.7358745569516368
0.9062911588299895,0.7071299130272438
0.8722037306619347,0.6793787564152381
0.8408203940169683,0.6548809331851512
0.8134717679586198,0.6341962806980707
0.7886297550522745,0.6176221249639008
0.7673981375194835,0.5982815468369221
0.7494636172808743,0.587331600359158
0.7339017284572671,0.5751365979601628
0.721060814172381,0.5634446159027439
0.7096306404311253,0.5570150583102653
0.6995020221093692,0.547519372717682
0.6902236421330104,0.5450638576239482
0.6829419966710608,0.5399943253718684
0.6761363914644108,0.5338759921903211
0.6703787536314347,0.5343808025422385
0.6660045539775546,0.5295246674140472
0.6612519965246287,0.5276020829787169
0.6577201976154818,0.5259894876391453
0.6540338030583789,0.5270041349401032
0.6521437919494001,0.5199164113166265
0.6499604613903882,0.51803215258436
0.648714526374562,0.519469969820994
0.6464423401132323,0.5158507419062391
0.6454799505444582,0.5156862676945503
0.6452030351376523,0.5150422660915128
0.6423683023481402,0.5139379981676916
0.6411850689383457,0.5195405862846806
0.6409434398197618,0.5164894030689747
0.6404682318356528,0.5212671069765216
0.6394701975956396,0.5186116214011905
0.6385478751726575,0.5158692079697845
0.638610041007406,0.5140370916135286
0.6376118684840962,0.5129800567233598
0.6384832740233631,0.5137394160555706
0.6371002759525691,0.5164714435391095
0.6364791438003042,0.5153117976269737
0.6376350320690113,0.5148534530492552
0.6359699731924587,0.5165884531421868
0.6356971850362393,0.5147770626417546
0.6361692013725957,0.5144079963277095
0.6356041619563113,0.5158948712217968
0.6361640187890939,0.5141943371861684
0.6352638812526546,0.5144289476164966
